INSERT INTO customer (username,password,cust_Name,email,mobile,address) values ('testuser','password','TestUser','test@gmail.com','1234567890','Chennai');
INSERT INTO customer (username,password,cust_Name,email,mobile,address) values ('a','a','a','a@gmail.com','1234567890','Chennai');
INSERT INTO category (category_id,category_name,category_desc) values ('1','MOBILES','Mobile');
INSERT INTO category (category_id,category_name,category_desc) values ('2','LAPTOPS','Laptop');
INSERT INTO category (category_id,category_name,category_desc) values ('3','FURNITURE','Furniture');
INSERT INTO category (category_id,category_name,category_desc) values ('4','AIR CONDITIONER','AirConditioner');
INSERT INTO category (category_id,category_name,category_desc) values ('5','TOYS','Toys');
INSERT INTO product (product_id,category_id,product_name,product_desc, price) values ('11','1','SAMSUNG_GALAXY_M32','
6 GB RAM 128 GB ROM 
Expandable Upto 1TB 16.26 cm (6.4 inch) Full HD+ Display
64MP + 8MP + 2MP + 2MP | 20MP Front Camera
6000 mAh Battery', '18000');
INSERT INTO product (product_id,category_id,product_name,product_desc, price) values ('12','1','APPLE_iPhone_12',
'128 GB ROM
15.49 cm (6.1 inch) Super Retina XDR Display
12MP + 12MP | 12MP Front Camera
All Screen OLED Display
Ceramic Shield
IP68 Water Resistance', '82900');
INSERT INTO product (product_id,category_id,product_name,product_desc, price) values ('21','2','Lenovo V Athlon Dual Core',
'Pre-installed Genuine Windows 10 OS
Light Laptop without Optical Disk Drive
15.6 inches Full HD TN Anti-Glare Display', '27000');
INSERT INTO product (product_id,category_id,product_name,product_desc, price) values ('22','2','HP Core i3 11th Gen',
'8 GB/256 GB SSD/Windows 10 Home
Stylish & Portable Thin and Light Laptop
15.6 inch Full HD Micro-Edge Anti-Glare Display', '42900');
INSERT INTO product (product_id,category_id,product_name,product_desc, price) values ('31','3','furlay_Recliner_Chair',
'Material: Fabric
6 Reclining Positions
Filling Material: Foam', '15699');
INSERT INTO product (product_id,category_id,product_name,product_desc, price) values ('32','3','Marco_6_Seater_Sofa',
'
Upholestry: Polycotton
Filling Material: Foam', '35900');
INSERT INTO product (product_id,category_id,product_name,product_desc, price) values ('41','4','LG_1.5_Ton_Split_AC',
'3 Star Dual Inverter AC
1.5 Ton : suitable for room size up to 150 sq ft
3 Star BEE Rating 2020 : For energy savings upto 15% 
Auto Restart', '34900');
INSERT INTO product (product_id,category_id,product_name,product_desc, price) values ('42','4','SAMSUNG_1.5_Ton_Split_AC',
'5 Star Inverter AC 
Energy savings upto 25%
Auto Restart', '35900');
INSERT INTO product (product_id,category_id,product_name,product_desc, price) values ('51','5','Mini_Racing_RC_Car',
'Material: Plastic
Battery Operated, 3 Battteries
Rechargeable Batteries', '599');
INSERT INTO product (product_id,category_id,product_name,product_desc, price) values ('52','5','Tent_house_for_kids',
'Fabric
Non Battery Operated
Age: 3+ Years', '799');